{"cameraMode":{"drawMode":0,"name":"Shaded","section":"Shading Mode"},"sceneLighting":true,"audioPlay":false,"sceneViewState":{"showFog":true,"showMaterialUpdate":false,"showSkybox":true,"showFlares":true,"showImageEffects":true,"showParticleSystems":true},"in2DMode":false,"pivot":{"x":0.8959541320800781,"y":0.4589366912841797,"z":-0.3495903015136719},"rotation":{"x":-0.5091145038604736,"y":-0.17996090650558473,"z":0.1097937598824501,"w":-0.8344829678535461},"size":2.881587266921997,"orthographic":true}